stimulus,correct_response,C2character,frequency,lexicaltype,Index,item,Frequency,C1Frequency,C2Frequency,Strokes,C1Strokes,C2Strokes,shifouyintongxinyi
甚至,ｆ,至,H,R,1,1,116.4937,104.1679,537.9951,15,9,6,1
甚,ｊ,,H,EO,1,2,,104.1679,537.9951,14,9,5,1
甚治,ｊ,治,H,PS,1,3,,104.1679,29571,17,9,8,1
甚网,ｊ,网,H,NW,1,4,,104.1679,542.0642,15,9,6,1
扑克,ｆ,克,H,R,2,5,141.0749,126.7753,612.6568,12,5,7,1
扑,ｊ,,H,EO,2,6,,126.7753,612.6568,12,5,7,1
扑刻,ｊ,刻,H,PS,2,7,,126.7753,62515,13,5,8,1
扑宝,ｊ,宝,H,NW,2,8,,126.7753,613.9556,13,5,8,1
珍惜,ｆ,惜,H,R,3,9,115.3002,133.358,206.316,20,9,11,1
珍,ｊ,,H,EO,3,10,,133.358,206.316,19,9,10,1
珍希,ｊ,希,H,PS,3,11,,133.358,390.1282,16,9,7,1
珍校,ｊ,校,H,NW,3,12,,133.358,205.9259,19,9,10,1
呵呵,ｆ,呵,H,R,4,13,148.4878,133.3827,133.3827,16,8,8,1
呵,ｊ,,H,EO,4,14,,133.3827,133.3827,16,8,8,1
呵喝,ｊ,喝,H,PS,4,15,,133.3827,103041,20,8,12,1
呵状,ｊ,状,H,NW,4,16,,133.3827,140.4049,15,8,7,1
耕耘,ｆ,耘,H,R,5,17,197.5093,135.0914,131.7086,20,10,10,1
耕,ｊ,,H,EO,5,18,,135.0914,131.7086,19,10,9,1
耕昀,ｊ,昀,H,PS,5,19,,135.0914,0.001,18,10,8,1
耕弹,ｊ,弹,H,NW,5,20,,135.0914,138.6173,21,10,11,1
鞭炮,ｆ,炮,H,R,6,21,158.8213,135.3679,187.9654,27,18,9,0
鞭,ｊ,,H,EO,6,22,,135.3679,187.9654,26,18,8,0
鞭泡,ｊ,泡,H,PS,6,23,,135.3679,25259,26,18,8,0
鞭板,ｊ,板,H,NW,6,24,,135.3679,194.2815,26,18,8,0
辛苦,ｆ,苦,H,R,7,25,109.748,142.0247,367.7679,15,7,8,0
辛,ｊ,,H,EO,7,26,,142.0247,367.7679,15,7,8,0
辛哭,ｊ,哭,H,PS,7,27,,142.0247,46347,17,7,10,0
辛雨,ｊ,雨,H,NW,7,28,,142.0247,388.3753,15,7,8,0
召唤,ｆ,唤,H,R,8,29,188.6064,143.1457,145.0617,15,5,10,1
召唤,ｊ,,H,EO,8,30,,143.1457,145.0617,15,5,10,1
召患,ｊ,患,H,PS,8,31,,143.1457,8734,16,5,11,1
召探,ｊ,探,H,NW,8,32,,143.1457,148.5235,16,5,11,1
舒服,ｆ,服,H,R,9,33,135.7895,146.6519,546.3556,20,12,8,1
舒,ｊ,,H,EO,9,34,,146.6519,546.3556,20,12,8,1
舒符,ｊ,符,H,PS,9,35,,146.6519,5817,23,12,11,1
舒址,ｊ,址,H,NW,9,36,,146.6519,538.637,19,12,7,1
崇拜,ｆ,拜,H,R,10,37,209.6294,151.516,648.484,20,11,9,1
崇,ｊ,,H,EO,10,38,,151.516,648.484,20,11,9,1
崇败,ｊ,败,H,PS,10,39,,151.516,34406,19,11,8,1
崇利,ｊ,利,H,NW,10,40,,151.516,668.9926,18,11,7,1
慢慢,ｆ,慢,H,R,11,41,102.8762,163.6296,163.6296,28,14,14,0
慢,ｊ,,H,EO,11,42,,163.6296,163.6296,27,14,13,0
慢漫,ｊ,漫,H,PS,11,43,,163.6296,41621,28,14,14,0
慢群,ｊ,群,H,NW,11,44,,163.6296,162.6667,28,14,14,0
设计,ｆ,计,H,R,12,45,109.8443,183.4321,482.8494,10,6,4,1
设,ｊ,,H,EO,12,46,,183.4321,482.8494,10,6,4,1
设寄,ｊ,寄,H,PS,12,47,,183.4321,8361,17,6,11,1
设页,ｊ,页,H,NW,12,48,,183.4321,474.0938,11,6,5,1
兄弟,ｆ,弟,H,R,13,49,182.5352,184.8642,268.5284,12,5,7,1
兄,ｊ,,H,EO,13,50,,184.8642,268.5284,12,5,7,1
兄地,ｊ,地,H,PS,13,51,,184.8642,438519,11,5,6,1
兄往,ｊ,往,H,NW,13,52,,184.8642,279.6938,13,5,8,1
免费,ｆ,费,H,R,14,53,161.7346,204.7407,370.4889,16,7,9,1
免,ｊ,,H,EO,14,54,,204.7407,370.4889,16,7,9,1
免废,ｊ,废,H,PS,14,55,,204.7407,11691,15,7,8,1
免章,ｊ,章,H,NW,14,56,,204.7407,370.0444,18,7,11,1
适合,ｆ,合,H,R,15,57,123.1875,208.4494,550.8,15,9,6,1
适,ｊ,,H,EO,15,58,,208.4494,550.8,14,9,5,1
适和,ｊ,和,H,PS,15,59,,208.4494,675596,17,9,8,1
适单,ｊ,单,H,NW,15,60,,208.4494,559.6691,17,9,8,1
讨厌,ｆ,厌,H,R,16,61,210.7932,209.6642,177.516,11,5,6,1
讨,ｊ,,H,EO,16,62,,209.6642,177.516,10,5,5,1
讨艳,ｊ,艳,H,PS,16,63,,209.6642,12504,15,5,10,1
讨形,ｊ,形,H,NW,16,64,,209.6642,174.8296,12,5,7,1
休息,ｆ,息,H,R,17,65,142.9726,215.9012,446.6963,16,6,10,1
休,ｊ,,H,EO,17,66,,215.9012,446.6963,15,6,9,1
休希,ｊ,希,H,PS,17,67,,215.9012,390.1282,13,6,7,1
休亮,ｊ,亮,H,NW,17,68,,215.9012,441.8864,15,6,9,1
漂亮,ｆ,亮,H,R,18,69,283.2543,218.0741,441.8864,23,14,9,1
漂,ｊ,,H,EO,18,70,,218.0741,441.8864,23,14,9,1
漂辆,ｊ,辆,H,PS,18,71,,218.0741,14678,25,14,11,1
漂热,ｊ,热,H,NW,18,72,,218.0741,445.7235,24,14,10,1
秘密,ｆ,密,H,R,19,73,118.4655,230.884,244.2469,21,10,11,1
秘,ｊ,,H,EO,19,74,,230.884,244.2469,21,10,11,1
秘蜜,ｊ,蜜,H,PS,19,75,,230.884,31386,24,10,14,1
秘恶,ｊ,恶,H,NW,19,76,,230.884,235.9358,20,10,10,1
疯狂,ｆ,狂,H,R,20,77,128.8732,237.7679,208.0049,16,9,7,0
疯,ｊ,,H,EO,20,78,,237.7679,208.0049,16,9,7,0
疯诳,ｊ,诳,H,PS,20,79,,237.7679,0.001,18,9,9,0
疯极,ｊ,极,H,NW,20,80,,237.7679,219.4123,17,9,8,0
奶奶,ｆ,奶,H,R,21,81,100.2446,244.1432,244.1432,10,5,5,0
奶,ｊ,,H,EO,21,82,,244.1432,244.1432,10,5,5,0
奶乃,ｊ,乃,H,PS,21,83,,244.1432,4966,7,5,2,0
奶迎,ｊ,迎,H,NW,21,84,,244.1432,245.5309,12,5,7,0
简单,ｆ,单,H,R,22,85,197.576,249.8173,559.6691,21,13,8,0
简,ｊ,,H,EO,22,86,,249.8173,559.6691,20,13,7,1
简丹,ｊ,丹,H,PS,22,87,,249.8173,13774,17,13,4,1
简性,ｊ,性,H,NW,22,88,,249.8173,554.5531,21,13,8,1
坚持,ｆ,持,H,R,23,89,190.6004,251.1457,591.516,16,7,9,1
坚,ｊ,,H,EO,23,90,,251.1457,591.516,15,7,8,1
坚池,ｊ,池,H,PS,23,91,,251.1457,7713,13,7,6,1
坚转,ｊ,转,H,NW,23,92,,251.1457,591.0963,15,7,8,1
伙计,ｆ,计,H,R,24,93,112.8762,254.2815,482.8494,10,6,4,1
伙,ｊ,,H,EO,24,94,,254.2815,482.8494,10,6,4,1
伙寄,ｊ,寄,H,PS,24,95,,254.2815,8361,17,6,11,1
伙业,ｊ,业,H,NW,24,96,,254.2815,474.0938,11,6,5,1
健康,ｆ,康,H,R,25,97,284.4255,257.5753,269.4272,22,11,11,1
健,ｊ,,H,EO,25,98,,257.5753,269.4272,21,11,10,0
健糠,ｊ,糠,H,PS,25,99,,257.5753,168,28,11,17,0
健修,ｊ,修,H,NW,25,100,,257.5753,266.1778,21,11,10,0
评论,ｆ,论,H,R,26,101,164.8925,259.8469,384.9284,13,7,6,0
评,ｊ,,H,EO,26,102,,259.8469,384.9284,13,7,6,0
评伦,ｊ,伦,H,PS,26,103,,259.8469,20455,13,7,6,0
评牛,ｊ,牛,H,NW,26,104,,259.8469,365.7284,11,7,4,0
警察,ｆ,察,H,R,27,105,119.6961,260.0395,137.3235,34,20,14,1
警,ｊ,,H,EO,27,106,,260.0395,137.3235,34,20,14,1
警查,ｊ,查,H,PS,27,107,,260.0395,80464,29,20,9,1
警蜜,ｊ,蜜,H,NW,27,108,,260.0395,154.9926,34,20,14,1
顺利,ｆ,利,H,R,28,109,112.5204,260.5531,668.9926,16,9,7,1
顺,ｊ,,H,EO,28,110,,260.5531,668.9926,16,9,7,1
顺厉,ｊ,厉,H,PS,28,111,,260.5531,11846,14,9,5,1
顺终,ｊ,终,H,NW,28,112,,260.5531,677.5012,17,9,8,1
医院,ｆ,院,H,R,29,113,114.129,261.0667,213.037,17,7,10,1
医,ｊ,,H,EO,29,114,,261.0667,213.037,17,7,10,1
医愿,ｊ,愿,H,PS,29,115,,261.0667,94575,21,7,14,1
医眠,ｊ,眠,H,NW,29,116,,261.0667,208.8593,17,7,10,1
模式,ｆ,式,H,R,30,117,157.0274,263.2691,461.0321,21,15,6,1
模,ｊ,,H,EO,30,118,,263.2691,461.0321,20,15,5,1
模是,ｊ,是,H,PS,30,119,,263.2691,3134172,24,15,9,1
模字,ｊ,字,H,NW,30,120,,263.2691,458.5333,21,15,6,1
登录,ｆ,录,H,R,31,121,153.8547,263.3926,339.037,20,12,8,1
登,ｊ,,H,EO,31,122,,263.3926,339.037,19,12,7,1
登路,ｊ,路,H,PS,31,123,,263.3926,168945,25,12,13,1
登香,ｊ,香,H,NW,31,124,,263.3926,324.3111,21,12,9,1
修复,ｆ,复,H,R,32,125,152.4537,266.1778,378.0642,19,10,9,1
修,ｊ,,H,EO,32,126,,266.1778,378.0642,19,10,9,1
修副,ｊ,副,H,PS,32,127,,266.1778,11780,21,10,11,1
修油,ｊ,油,H,NW,32,128,,266.1778,393.3531,18,10,8,1
挑战,ｆ,战,H,R,33,129,291.9718,268.5531,721.5358,18,9,9,1
挑,ｊ,,H,EO,33,130,,268.5531,721.5358,17,9,8,1
挑站,ｊ,站,H,PS,33,131,,268.5531,68841,19,9,10,1
挑带,ｊ,带,H,NW,33,132,,268.5531,754.6864,18,9,9,1
父母,ｆ,母,H,R,34,133,157.5686,270.4889,247.679,9,4,5,1
父,ｊ,,H,EO,34,134,,270.4889,247.679,9,4,5,1
父亩,ｊ,亩,H,PS,34,135,,270.4889,626,11,4,7,1
父团,ｊ,团,H,NW,34,136,,270.4889,248.1728,10,4,6,1
勋章,ｆ,章,H,R,35,137,408.6953,281.4568,370.0444,20,9,11,1
勋,ｊ,,H,EO,35,138,,281.4568,370.0444,19,9,10,1
勋张,ｊ,张,H,PS,35,139,,281.4568,122613,16,9,7,1
勋钟,ｊ,钟,H,NW,35,140,,281.4568,377.3037,18,9,9,1
习惯,ｆ,惯,H,R,36,141,175.3225,288.8148,140.4148,14,3,11,1
习,ｊ,,H,EO,36,142,,288.8148,140.4148,14,3,11,1
习冠,ｊ,冠,H,PS,36,143,,288.8148,19602,12,3,9,1
习称,ｊ,称,H,NW,36,144,,288.8148,145.3284,13,3,10,1
粉丝,ｆ,丝,H,R,37,145,105.0482,290.716,202.4988,15,10,5,1
粉,ｊ,,H,EO,37,146,,290.716,202.4988,14,10,4,1
粉斯,ｊ,斯,H,PS,37,147,,290.716,109628,22,10,12,1
粉弃,ｊ,弃,H,NW,37,148,,290.716,199.6494,17,10,7,1
联系,ｆ,系,H,R,38,149,116.2713,293.8765,679.2346,19,12,7,1
联,ｊ,,H,EO,38,150,,293.8765,679.2346,18,12,6,1
联戏,ｊ,戏,H,PS,38,151,,293.8765,102675,18,12,6,1
联利,ｊ,利,H,NW,38,152,,293.8765,668.9926,19,12,7,1
继续,ｆ,续,H,R,39,153,410.9563,296.8296,513.0568,21,10,11,1
继,ｊ,,H,EO,39,154,,296.8296,513.0568,21,10,11,1
继旭,ｊ,旭,H,PS,39,155,,296.8296,2.2863,14,10,4,1
继黑,ｊ,黑,H,NW,39,156,,296.8296,515.4074,22,10,12,1
抱歉,ｆ,歉,H,R,40,157,173.8251,302.642,150.4247,22,8,14,1
抱,ｊ,,H,EO,40,158,,302.642,150.4247,22,8,14,1
抱倩,ｊ,倩,H,PS,40,159,,302.642,1.7735,23,8,15,1
抱源,ｊ,源,H,NW,40,160,,302.642,153.7728,21,8,13,1
赶紧,ｆ,紧,H,R,41,161,217.5093,313.3037,340.0395,20,10,10,1
赶,ｊ,,H,EO,41,162,,313.3037,340.0395,19,10,9,1
赶锦,ｊ,锦,H,PS,41,163,,313.3037,5562,23,10,13,1
赶害,ｊ,害,H,NW,41,164,,313.3037,347.3877,20,10,10,1
即使,ｆ,使,H,R,42,165,117.9615,313.3086,389.0963,15,7,8,1
即,ｊ,,H,EO,42,166,,313.3086,389.0963,15,7,8,1
即始,ｊ,始,H,PS,42,167,,313.3086,161325,15,7,8,1
即报,ｊ,报,H,NW,42,168,,313.3086,386.321,14,7,7,1
轻松,ｆ,松,H,R,43,169,116.338,313.3975,203.7531,17,9,8,1
轻,ｊ,,H,EO,43,170,,313.3975,203.7531,16,9,7,1
轻嵩,ｊ,嵩,H,PS,43,171,,313.3975,0.235,22,9,13,1
轻坏,ｊ,坏,H,NW,43,172,,313.3975,203.1654,16,9,7,1
阳光,ｆ,光,H,R,44,173,143.3803,318.7556,601.8074,12,6,6,1
阳,ｊ,,H,EO,44,174,,318.7556,601.8074,12,6,6,1
阳关,ｊ,关,H,PS,44,175,,318.7556,197785,12,6,6,1
阳张,ｊ,张,H,NW,44,176,,318.7556,605.4963,13,6,7,1
除夕,ｆ,夕,H,R,45,177,101.023,321.7086,101.921,13,10,3,1
除,ｊ,,H,EO,45,178,,321.7086,101.921,13,10,3,1
除西,ｊ,西,H,PS,45,179,,321.7086,191274,16,10,6,1
除叶,ｊ,叶,H,NW,45,180,,321.7086,102.0691,15,10,5,1
皮肤,ｆ,肤,H,R,46,181,122.1349,321.7481,154.4691,13,5,8,0
皮,ｊ,,H,EO,46,182,,321.7481,154.4691,13,5,8,0
皮夫,ｊ,夫,H,PS,46,183,,321.7481,58885,9,5,4,0
皮屏,ｊ,屏,H,NW,46,184,,321.7481,154.9877,14,5,9,0
温暖,ｆ,暖,H,R,47,185,141.401,323.9556,247.1901,25,12,13,0
温,ｊ,,H,EO,47,186,,323.9556,247.1901,24,12,12,0
温,ｊ,,H,PS,47,187,,323.9556,0.001,25,12,13,0
温简,ｊ,简,H,NW,47,188,,323.9556,249.8173,25,12,13,0
改变,ｆ,变,H,R,48,189,194.2995,325.7728,722.5926,15,7,8,0
改,ｊ,,H,EO,48,190,,325.7728,722.5926,14,7,7,0
批该,ｊ,该,H,PS,48,191,,325.7728,172267,15,7,8,0
改战,ｊ,战,H,NW,48,192,,325.7728,721.5358,16,7,9,0
北京,ｆ,京,H,R,49,193,200.8747,345.1309,230.6469,13,5,8,1
北,ｊ,,H,EO,49,194,,345.1309,230.6469,12,5,7,1
北金,ｊ,金,H,PS,49,195,,345.1309,149643,13,5,8,1
北官,ｊ,官,H,NW,49,196,,345.1309,220.0494,13,5,8,1
害怕,ｆ,怕,H,R,50,197,129.4959,347.3877,382.0099,18,10,8,0
害,ｊ,,H,EO,50,198,,347.3877,382.0099,17,10,7,0
害帕,ｊ,帕,H,PS,50,199,,347.3877,5317,18,10,8,0
害使,ｊ,使,H,NW,50,200,,347.3877,389.0963,18,10,8,0
永远,ｆ,远,H,R,51,201,355.6783,353.121,508.1185,12,5,7,1
永,ｊ,,H,EO,51,202,,353.121,508.1185,12,5,7,1
永垣,ｊ,垣,H,PS,51,203,,353.121,0.641,14,5,9,1
永语,ｊ,语,H,NW,51,204,,353.121,510.3506,14,5,9,1
妹妹,ｆ,妹,H,R,52,205,147.6798,359.2296,359.2296,16,8,8,1
妹,ｊ,,H,EO,52,206,,359.2296,359.2296,15,8,7,1
妹魅,ｊ,魅,H,PS,52,207,,359.2296,8984,23,8,15,1
妹员,ｊ,员,H,NW,52,208,,359.2296,361.3432,15,8,7,1
麻烦,ｆ,烦,H,R,53,209,102.9577,366.3111,277.7037,21,11,10,1
麻,ｊ,,H,EO,53,210,,366.3111,277.7037,20,11,9,1
麻凡,ｊ,凡,H,PS,53,211,,366.3111,16590,14,11,3,1
麻调,ｊ,调,H,NW,53,212,,366.3111,284.5481,21,11,10,1
消息,ｆ,息,H,R,54,213,211.957,373.8469,446.6963,20,10,10,1
消,ｊ,,H,EO,54,214,,373.8469,446.6963,19,10,9,1
消希,ｊ,希,H,PS,54,215,,373.8469,390.1282,17,10,7,1
消彩,ｊ,彩,H,NW,54,216,,373.8469,443.0321,21,10,11,1
咖啡,ｆ,啡,H,R,55,217,403.2765,375.6444,360.0346,19,8,11,1
咖,ｊ,,H,EO,55,218,,375.6444,360.0346,18,8,10,1
咖妃,ｊ,妃,H,PS,55,219,,375.6444,4305,14,8,6,1
咖麻,ｊ,麻,H,NW,55,220,,375.6444,366.3111,19,8,11,1
礼物,ｆ,物,H,R,56,221,180.7709,383.5556,651.5556,13,5,8,1
礼,ｊ,,H,EO,56,222,,383.5556,651.5556,13,5,8,1
礼误,ｊ,误,H,PS,56,223,,383.5556,22522,14,5,9,1
礼运,ｊ,运,H,NW,56,224,,383.5556,647.1951,12,5,7,1
支持,ｆ,持,H,R,57,225,390.4893,393.4667,591.516,13,4,9,1
支,ｊ,,H,EO,57,226,,393.4667,591.516,12,4,8,1
支池,ｊ,池,H,PS,57,227,,393.4667,7713,10,4,6,1
支通,ｊ,通,H,NW,57,228,,393.4667,590.5877,14,4,10,1
英雄,ｆ,雄,H,R,58,229,222.9207,400.9333,192.9877,20,8,12,1
英,ｊ,,H,EO,58,230,,400.9333,192.9877,19,8,11,1
英熊,ｊ,熊,H,PS,58,231,,400.9333,16070,22,8,14,1
英属,ｊ,属,H,NW,58,232,,400.9333,193.9556,21,8,13,1
衣服,ｆ,服,H,R,59,233,226.8347,403.3679,546.3556,14,6,8,1
衣,ｊ,,H,EO,59,234,,403.3679,546.3556,14,6,8,1
衣符,ｊ,符,H,PS,59,235,,403.3679,5817,17,6,11,1
衣班,ｊ,班,H,NW,59,236,,403.3679,543.8222,16,6,10,1
准备,ｆ,备,H,R,60,237,414.6998,425.5012,416.8691,18,10,8,1
准,ｊ,,H,EO,60,238,,425.5012,416.8691,17,10,7,1
准被,ｊ,被,H,PS,60,239,,425.5012,234635,21,10,11,1
准床,ｊ,床,H,NW,60,240,,425.5012,407.842,17,10,7,1
树干,ｆ,干,L,R,61,241,0.8673,129.3185,650.4247,12,9,3,1
树,ｊ,,L,EO,61,242,,129.3185,650.4247,12,9,3,1
树赣,ｊ,赣,L,PS,61,243,,129.3185,0.001,28,9,19,1
树风,ｊ,风,L,NW,61,244,,129.3185,680.2173,13,9,4,1
默许,ｆ,许,L,R,62,245,0.5634,134.6667,515.4519,22,16,6,1
默,ｊ,,L,EO,62,246,,134.6667,515.4519,21,16,5,1
默栩,ｊ,栩,L,PS,62,247,,134.6667,196,26,16,10,1
默注,ｊ,注,L,NW,62,248,,134.6667,500.4938,22,16,6,1
营运,ｆ,运,L,R,63,249,0.8006,151.3877,647.1951,18,11,7,1
营,ｊ,,L,EO,63,250,,151.3877,647.1951,17,11,6,1
营晕,ｊ,晕,L,PS,63,251,,151.3877,18233,21,11,10,1
营店,ｊ,店,L,NW,63,252,,151.3877,638.2123,19,11,8,1
补品,ｆ,品,L,R,64,253,0.9192,152.1926,632.2123,16,7,9,0
补,ｊ,,L,EO,64,254,,152.1926,632.2123,17,7,10,0
补拼,ｊ,拼,L,PS,64,255,,152.1926,20874,16,7,9,0
补城,ｊ,城,L,NW,64,256,,152.1926,634.2568,16,7,9,0
藏刀,ｆ,刀,L,R,65,257,0.1186,162.1531,138.0691,19,17,2,0
藏,ｊ,,L,EO,65,258,,162.1531,138.0691,19,17,2,0
藏叨,ｊ,叨,L,PS,65,259,,162.1531,3341,22,17,5,0
藏土,ｊ,土,L,NW,65,260,,162.1531,106.884,20,17,3,0
吸盘,ｆ,盘,L,R,66,261,0.2743,163.3975,210.0198,18,7,11,1
吸,ｊ,,L,EO,66,262,,163.3975,210.0198,18,7,11,1
吸磐,ｊ,磐,L,PS,66,263,,163.3975,147.3504,22,7,15,1
吸质,ｊ,质,L,NW,66,264,,163.3975,215.3481,15,7,8,1
熟读,ｆ,读,L,R,67,265,0.1779,163.9802,169.042,25,15,10,1
熟,ｊ,,L,EO,67,266,,163.9802,169.042,18,7,11,1
熟毒,ｊ,毒,L,PS,67,267,,163.9802,31177,24,15,9,1
熟素,ｊ,素,L,NW,67,268,,163.9802,167.3531,25,15,10,1
职守,ｆ,守,L,R,68,269,0.5115,164.0741,126.8247,17,11,6,1
职,ｊ,,L,EO,68,270,,164.0741,126.8247,17,11,6,1
职首,ｊ,首,L,PS,68,271,,164.0741,65373,20,11,9,1
职冻,ｊ,冻,L,NW,68,272,,164.0741,122.8,18,11,7,1
摩丝,ｆ,丝,L,R,69,273,0.2595,168.5728,202.4988,20,15,5,1
摩,ｊ,,L,EO,69,274,,168.5728,202.4988,20,15,5,1
摩思,ｊ,思,L,PS,69,275,,168.5728,109261,24,15,9,1
摩弃,ｊ,弃,L,NW,69,276,,168.5728,199.6494,22,15,7,1
形影,ｆ,影,L,R,70,277,0.1631,174.8296,594.9333,22,7,15,1
形,ｊ,,L,EO,70,278,,174.8296,594.9333,21,7,14,1
形颖,ｊ,颖,L,PS,70,279,,174.8296,3185,20,7,13,1
形接,ｊ,接,L,NW,70,280,,174.8296,607.4963,18,7,11,1
棒冰,ｆ,冰,L,R,71,281,0.1927,176.8642,184.1975,18,12,6,1
棒,ｊ,,L,EO,71,282,,176.8642,184.1975,18,12,6,1
棒兵,ｊ,兵,L,PS,71,283,,176.8642,31597,19,12,7,1
棒设,ｊ,设,L,NW,71,284,,176.8642,183.4321,18,12,6,1
义妹,ｆ,妹,L,R,72,285,0.0148,177.5506,359.2296,11,3,8,1
义,ｊ,,L,EO,72,286,,177.5506,359.2296,10,3,7,1
义魅,ｊ,魅,L,PS,72,287,,177.5506,8984,18,3,15,1
义员,ｊ,员,L,NW,72,288,,177.5506,361.3432,11,3,8,1
统管,ｆ,管,L,R,73,289,0.0222,183.0074,509.9111,23,9,14,0
统,ｊ,,L,EO,73,290,,183.0074,509.9111,23,9,14,0
统惯,ｊ,惯,L,PS,73,291,,183.0074,28434,20,9,11,0
统算,ｊ,算,L,NW,73,292,,183.0074,510.2074,17,3,14,0
古街,ｆ,街,L,R,74,293,0.2669,184.1975,286.8049,17,5,12,1
古,ｊ,,L,EO,74,294,,184.1975,286.8049,17,5,12,1
古皆,ｊ,皆,L,PS,74,295,,184.1975,11.7308,14,5,9,1
古唱,ｊ,唱,L,NW,74,296,,184.1975,285.9358,16,5,11,1
校务,ｆ,务,L,R,75,297,0.1186,205.9259,361.8025,15,10,5,1
校,ｊ,,L,EO,75,298,,205.9259,361.8025,15,10,5,1
校物,ｊ,物,L,PS,75,299,,205.9259,131940,18,10,8,1
校奇,ｊ,奇,L,NW,75,300,,205.9259,364.3506,18,10,8,1
货单,ｆ,单,L,R,76,301,0.2224,208.484,559.6691,16,8,8,1
货,ｊ,,L,EO,76,302,,208.484,559.6691,16,8,8,1
货丹,ｊ,丹,L,PS,76,303,,208.484,13774,12,8,4,1
货酒,ｊ,酒,L,NW,76,304,,208.484,559.1012,18,8,10,1
破败,ｆ,败,L,R,77,305,0.5189,208.8049,169.9062,18,10,8,1
破,ｊ,,L,EO,77,306,,208.8049,169.9062,17,10,7,1
破拜,ｊ,拜,L,PS,77,307,,208.8049,131318,19,10,9,1
破读,ｊ,读,L,NW,77,308,,208.8049,169.042,20,10,10,1
休业,ｆ,业,L,R,78,309,0.1112,215.9012,474.0938,11,6,5,1
休,ｊ,,L,EO,78,310,,215.9012,474.0938,10,6,4,1
休页,ｊ,页,L,PS,78,311,,215.9012,24346,12,6,6,1
休处,ｊ,处,L,NW,78,312,,215.9012,470.1136,11,6,5,1
极化,ｆ,化,L,R,79,313,0.0445,219.4123,422.484,12,8,4,1
极,ｊ,,L,EO,79,314,,219.4123,422.484,12,8,4,1
极话,ｊ,话,L,PS,79,315,,219.4123,330079,16,8,8,1
极并,ｊ,并,L,NW,79,316,,219.4123,419.6642,14,8,6,1
罗盘,ｆ,盘,L,R,80,317,0.6301,227.8173,210.0198,19,8,11,1
罗,ｊ,,L,EO,80,318,,227.8173,210.0198,19,8,11,1
罗磐,ｊ,磐,L,PS,80,319,,227.8173,147.3504,23,8,15,1
罗眠,ｊ,眠,L,NW,80,320,,227.8173,208.8593,18,8,10,1
恶鬼,ｆ,鬼,L,R,81,321,0.6227,235.9358,202.5086,20,10,10,1
恶,ｊ,,L,EO,81,322,,235.9358,202.5086,19,10,9,1
恶诡,ｊ,诡,L,PS,81,323,,235.9358,18.547,18,10,8,1
恶适,ｊ,适,L,NW,81,324,,235.9358,208.4494,19,10,9,1
密约,ｆ,约,L,R,82,325,0.0445,244.2469,266.6716,17,11,6,1
密,ｊ,,L,EO,82,326,,244.2469,266.6716,16,11,5,1
密曰,ｊ,曰,L,PS,82,327,,244.2469,3416,15,11,4,1
密立,ｊ,立,L,NW,82,328,,244.2469,268.1926,16,11,5,1
丽影,ｆ,影,L,R,83,329,0.2076,248.0691,594.9333,22,7,15,1
丽,ｊ,,L,EO,83,330,,248.0691,594.9333,21,7,14,1
丽隐,ｊ,隐,L,PS,83,331,,248.0691,16106,18,7,11,1
丽通,ｊ,通,L,NW,83,332,,248.0691,590.5877,17,7,10,1
观照,ｆ,照,L,R,84,333,0.2669,253.2296,530.3605,19,6,13,1
观,ｊ,,L,EO,84,334,,253.2296,530.3605,18,6,12,1
观赵,ｊ,赵,L,PS,84,335,,253.2296,2.7137,15,6,9,1
观越,ｊ,越,L,NW,84,336,,253.2296,533.1753,18,6,12,1
建房,ｆ,房,L,R,85,337,0.341,256.8,457.1852,17,9,8,0
建,ｊ,,L,EO,85,338,,256.8,457.1852,17,9,8,0
建妨,ｊ,妨,L,PS,85,339,,256.8,2805,16,9,7,0
建流,ｊ,流,L,NW,85,340,,256.8,454.5778,18,9,9,0
评断,ｆ,断,L,R,86,341,0.2669,259.8469,276.8049,18,7,11,1
评,ｊ,,L,EO,86,342,,259.8469,276.8049,18,7,11,1
评段,ｊ,段,L,PS,86,343,,259.8469,44879,16,7,9,1
评断,ｊ,断,L,NW,86,344,,259.8469,273.0617,17,7,10,1
警备,ｆ,备,L,R,87,345,0.3484,260.0395,416.8691,28,20,8,1
警,ｊ,,L,EO,87,346,,260.0395,416.8691,28,20,8,1
警被,ｊ,被,L,PS,87,347,,260.0395,234635,31,20,11,1
警杀,ｊ,杀,L,NW,87,348,,260.0395,413.3679,26,20,6,1
静湖,ｆ,湖,L,R,88,349,0.0148,261.921,130.6864,26,14,12,1
静,ｊ,,L,EO,88,350,,261.921,130.6864,25,14,11,1
静弧,ｊ,弧,L,PS,88,351,,261.921,668,22,14,8,1
静降,ｊ,降,L,NW,88,352,,261.921,131.1605,23,14,9,1
静物,ｆ,物,L,R,89,353,0.4596,261.921,651.5556,22,14,8,1
静,ｊ,,L,EO,89,354,,261.921,651.5556,22,14,8,1
静误,ｊ,误,L,PS,89,355,,261.921,22522,23,14,9,1
静总,ｊ,总,L,NW,89,356,,261.921,655.1407,23,14,9,1
静养,ｆ,养,L,R,90,357,0.7116,261.921,234.5778,23,14,9,1
静,ｊ,,L,EO,90,358,,261.921,234.5778,22,14,8,1
静仰,ｊ,仰,L,PS,90,359,,261.921,7505,20,14,6,1
静基,ｊ,基,L,NW,90,360,,261.921,240.3753,25,14,11,1
华彩,ｆ,彩,L,R,91,361,0.593,262.1531,443.0321,17,6,11,0
华,ｊ,,L,EO,91,362,,262.1531,443.0321,16,6,10,0
华踩,ｊ,踩,L,PS,91,363,,262.1531,22.735,21,6,15,0
华雪,ｊ,雪,L,NW,91,364,,262.1531,437.2296,17,6,11,0
角球,ｆ,球,L,R,92,365,0.3781,263.2444,416.8346,18,7,11,1
角,ｊ,,L,EO,92,366,,263.2444,416.8346,17,7,10,1
角囚,ｊ,囚,L,PS,92,367,,263.2444,1748,12,7,5,1
角数,ｊ,数,L,NW,92,368,,263.2444,411.0074,20,7,13,1
登报,ｆ,报,L,R,93,369,0.3706,263.3926,386.321,19,12,7,1
登,ｊ,,L,EO,93,370,,263.3926,386.321,19,12,7,1
登抱,ｊ,抱,L,PS,93,371,,263.3926,61285,20,12,8,1
登油,ｊ,油,L,NW,93,372,,263.3926,393.3531,20,12,8,1
登月,ｆ,月,L,R,94,373,0.2372,263.3926,716.8346,16,12,4,1
登,ｊ,,L,EO,94,374,,263.3926,716.8346,16,12,4,1
登越,ｊ,越,L,PS,94,375,,263.3926,107968,24,12,12,1
登收,ｊ,收,L,NW,94,376,,263.3926,700.8346,18,12,6,1
象狗,ｆ,狗,L,R,95,377,0.0222,272.1877,255.837,20,12,8,1
象,ｊ,,L,EO,95,378,,272.1877,255.837,20,12,8,1
象购,ｊ,购,L,PS,95,379,,272.1877,30610,20,12,8,1
象杯,ｊ,杯,L,NW,95,380,,272.1877,237.763,20,12,8,1
造价,ｆ,价,L,R,96,381,0.7487,283.0667,394.3407,16,10,6,1
造,ｊ,,L,EO,96,382,,283.0667,394.3407,15,10,5,1
造架,ｊ,架,L,PS,96,383,,283.0667,26376,19,10,9,1
造味,ｊ,味,L,NW,96,384,,283.0667,394.3062,18,10,8,1
调令,ｆ,令,L,R,97,385,0.1705,284.5481,154.9333,15,10,5,1
调,ｊ,,L,EO,97,386,,284.5481,154.9333,14,10,4,1
调另,ｊ,另,L,PS,97,387,,284.5481,285.7265,15,10,5,1
调议,ｊ,议,L,NW,97,388,,284.5481,157.4321,15,10,5,1
习武,ｆ,武,L,R,98,389,0.2817,288.8148,207.0963,11,3,8,1
习,ｊ,,L,EO,98,390,,288.8148,207.0963,10,3,7,1
习五,ｊ,五,L,PS,98,391,,288.8148,128598,7,3,4,1
习质,ｊ,质,L,NW,98,392,,288.8148,215.3481,11,3,8,1
广角,ｆ,角,L,R,99,393,0.6968,289.8321,263.2444,10,3,7,1
广,ｊ,,L,EO,99,394,,289.8321,263.2444,10,3,7,1
广脚,ｊ,脚,L,PS,99,395,,289.8321,43687,14,3,11,1
广医,ｊ,医,L,NW,99,396,,289.8321,261.0667,10,3,7,1
短语,ｆ,语,L,R,100,397,0.9118,294.3951,510.3506,21,12,9,1
短,ｊ,,L,EO,100,398,,294.3951,510.3506,20,12,8,1
短雨,ｊ,雨,L,PS,100,399,,294.3951,78646,20,12,8,1
短远,ｊ,远,L,NW,100,400,,294.3951,508.1185,22,12,10,1
血沉,ｆ,沉,L,R,101,401,0.0593,303.7531,135.6049,13,6,7,1
血,ｊ,,L,EO,101,402,,303.7531,135.6049,13,6,7,1
血尘,ｊ,尘,L,PS,101,403,,303.7531,8596,12,6,6,1
血际,ｊ,际,L,NW,101,404,,303.7531,134.958,13,6,7,1
兴办,ｆ,办,L,R,102,405,0.0297,315.6148,385.7975,10,6,4,1
兴,ｊ,,L,EO,102,406,,315.6148,385.7975,9,6,3,1
兴半,ｊ,半,L,PS,102,407,,315.6148,100741,11,6,5,1
兴支,ｊ,支,L,NW,102,408,,315.6148,393.4667,10,6,4,1
绝响,ｆ,响,L,R,103,409,0.0519,316.5778,211.3037,18,9,9,1
绝,ｊ,,L,EO,103,410,,316.5778,211.3037,18,9,9,1
绝想,ｊ,想,L,PS,103,411,,316.5778,903370,22,9,13,1
绝肯,ｊ,肯,L,NW,103,412,,316.5778,215.4519,17,9,8,1
击穿,ｆ,穿,L,R,104,413,0.3558,318.6123,323.9012,14,5,9,1
击,ｊ,,L,EO,104,414,,318.6123,323.9012,14,5,9,1
击川,ｊ,川,L,PS,104,415,,318.6123,9364,8,5,3,1
击首,ｊ,首,L,NW,104,416,,318.6123,322.8296,14,5,9,1
区划,ｆ,划,L,R,105,417,0.0815,319.8667,144.8642,10,4,6,1
区,ｊ,,L,EO,105,418,,319.8667,144.8642,10,4,6,1
区话,ｊ,话,L,PS,105,419,,319.8667,330079,12,4,8,1
区托,ｊ,托,L,NW,105,420,,319.8667,149.3383,10,4,6,1
由此,ｆ,此,L,R,106,421,0.897,320.1531,595.8321,11,5,6,0
由,ｊ,,L,EO,106,422,,320.1531,595.8321,11,5,6,0
由此,ｊ,此,L,PS,106,423,,320.1531,120656,11,5,6,0
由性,ｊ,性,L,NW,106,424,,320.1531,554.5531,12,4,8,0
线圈,ｆ,圈,L,R,107,425,0.5486,320.3901,105.4222,19,8,11,0
线,ｊ,,L,EO,107,426,,320.3901,105.4222,18,8,10,0
线诠,ｊ,诠,L,PS,107,427,,320.3901,3.312,16,8,8,0
线港,ｊ,港,L,NW,107,428,,320.3901,101.363,20,8,12,0
改建,ｆ,建,L,R,108,429,0.6672,325.7728,256.8,16,7,9,1
改,ｊ,,L,EO,108,430,,325.7728,256.8,16,7,9,1
改剑,ｊ,剑,L,PS,108,431,,325.7728,22375,16,7,9,1
改狗,ｊ,狗,L,NW,108,432,,325.7728,255.837,15,7,8,1
改选,ｆ,选,L,R,109,433,0.1557,325.7728,746.9728,16,7,9,0
改,ｊ,,L,EO,109,434,,325.7728,746.9728,16,7,9,0
改炫,ｊ,炫,L,PS,109,435,,325.7728,11.3462,16,7,9,0
改原,ｊ,原,L,NW,109,436,,325.7728,728.1926,17,7,10,0
北段,ｆ,段,L,R,110,437,0.2224,345.1309,221.6247,14,5,9,1
北,ｊ,,L,EO,110,438,,345.1309,221.6247,14,5,9,1
北断,ｊ,断,L,PS,110,439,,345.1309,56053,16,5,11,1
北码,ｊ,码,L,NW,110,440,,345.1309,221.2691,13,5,8,1
换算,ｆ,算,L,R,111,441,0.6523,348.558,510.2074,24,10,14,1
换,ｊ,,L,EO,111,442,,348.558,510.2074,23,10,13,1
换蒜,ｊ,蒜,L,PS,111,443,,348.558,4596,23,10,13,1
换管,ｊ,管,L,NW,111,444,,348.558,509.9111,24,10,14,1
书报,ｆ,报,L,R,112,445,0.215,358.4346,386.321,11,4,7,1
书,ｊ,,L,EO,112,446,,358.4346,386.321,11,4,7,1
书抱,ｊ,抱,L,PS,112,447,,358.4346,61285,12,4,8,1
书雨,ｊ,雨,L,NW,112,448,,358.4346,388.3753,12,4,8,1
整数,ｆ,数,L,R,113,449,0.7191,362.7111,411.0074,29,16,13,1
整,ｊ,,L,EO,113,450,,362.7111,411.0074,28,16,12,1
整树,ｊ,树,L,PS,113,451,,362.7111,26187,25,16,9,1
整球,ｊ,球,L,NW,113,452,,362.7111,416.8346,27,16,11,1
牛斗,ｆ,斗,L,R,114,453,0.126,365.7284,283.0914,8,4,4,1
牛,ｊ,,L,EO,114,454,,365.7284,283.0914,7,4,3,1
牛陡,ｊ,陡,L,PS,114,455,,365.7284,1.3248,14,4,10,1
牛夫,ｊ,夫,L,NW,114,456,,365.7284,290.7901,8,4,4,1
随员,ｆ,员,L,R,115,457,0.1112,371.1901,361.3432,18,11,7,1
随,ｊ,,L,EO,115,458,,371.1901,361.3432,17,11,6,1
随袁,ｊ,袁,L,PS,115,459,,371.1901,0.001,21,11,10,1
随务,ｊ,务,L,NW,115,460,,371.1901,361.8025,16,11,5,1
消音,ｆ,音,L,R,116,461,0.3855,373.8469,472.637,19,10,9,1
消,ｊ,,L,EO,116,462,,373.8469,472.637,18,10,8,1
消阴,ｊ,阴,L,PS,116,463,,373.8469,22811,16,10,6,1
消态,ｊ,态,L,NW,116,464,,373.8469,483.3037,18,10,8,1
近海,ｆ,海,L,R,117,465,0.3632,398.1037,619.8173,17,7,10,0
近,ｊ,,L,EO,117,466,,398.1037,619.8173,16,7,9,0
近氦,ｊ,氦,L,PS,117,467,,398.1037,0.001,17,7,10,0
近宝,ｊ,宝,L,NW,117,468,,398.1037,613.9556,15,7,8,0
画具,ｆ,具,L,R,118,469,0.0964,402.4593,198.3704,16,8,8,1
画,ｊ,,L,EO,118,470,,402.4593,198.3704,15,8,7,1
画据,ｊ,据,L,PS,118,471,,402.4593,40369,19,8,11,1
画李,ｊ,李,L,NW,118,472,,402.4593,194.5975,15,8,7,1
食性,ｆ,性,L,R,119,473,0.089,405.0667,554.5531,17,9,8,1
食,ｊ,,L,EO,119,474,,405.0667,554.5531,16,9,7,1
食幸,ｊ,幸,L,PS,119,475,,405.0667,151252,17,9,8,1
食传,ｊ,传,L,NW,119,476,,405.0667,554.637,15,9,6,1
提提,ｆ,提,L,R,120,477,0.8006,425.4074,425.4074,24,12,12,1
提,ｊ,,L,EO,120,478,,425.4074,425.4074,23,12,11,1
提题,ｊ,题,L,PS,120,479,,425.4074,147696,27,12,15,1
提端,ｊ,端,L,NW,120,480,,425.4074,417.3333,26,12,14,1
